DATAFLOW,REF_AREA:Geographic area,INDICATOR:Indicator,SEX:Sex,RESIDENCE:Residence,WEALTH_QUINTILE:Wealth Quintile,TIME_PERIOD:Time period,OBS_VALUE:Observation value,UNIT_MULTIPLIER:Unit multiplier,UNIT_MEASURE:Unit of measure,CUSTODIAN:Custodian,SOURCE_LINK:Citation of or link to the data source,TIME_PERIOD_METHOD:Time period activity related to when the data are collected,COVERAGE_TIME:The period of time for which data are provided,FREQ_COLL:Time interval at which the source data are collected,SERIES_FOOTNOTE:Series footnote,OBS_FOOTNOTE:Observation footnote,WGTD_SAMPL_SIZE:Weighted Sample Size,LOWER_BOUND:Lower Bound,UPPER_BOUND:Upper Bound,STD_ERR:Standard Error,OBS_STATUS:Observation Status,OBS_CONF:Observation confidentaility,DATA_SOURCE:Data Source,AGE:Current age
MENARO:MENARO(1.0): UNICEF Middle East and North Africa,DZA: Algeria,PV_CHLD_DPRV_REG_MOD: Children in multidimensional poverty (moderate),_T: Total,R: Rural,_T: Total,2019,39.7,,PCNT: %,,,,,,,,,,,,,,"ESCWA, OPHI and UNICEF child multidimensional poverty estimates (2023)",_T: Total
MENARO:MENARO(1.0): UNICEF Middle East and North Africa,DZA: Algeria,PV_CHLD_DPRV_REG_MOD: Children in multidimensional poverty (moderate),_T: Total,U: Urban,_T: Total,2019,20.5,,PCNT: %,,,,,,,,,,,,,,"ESCWA, OPHI and UNICEF child multidimensional poverty estimates (2023)",_T: Total
MENARO:MENARO(1.0): UNICEF Middle East and North Africa,DZA: Algeria,PV_CHLD_DPRV_REG_MOD: Children in multidimensional poverty (moderate),_T: Total,_T: Total,Q1: Lowest,2012,57.4,,PCNT: %,,,,,,,,,,,,,,"ESCWA, OPHI and UNICEF child multidimensional poverty estimates (2023)",_T: Total
MENARO:MENARO(1.0): UNICEF Middle East and North Africa,DZA: Algeria,PV_CHLD_DPRV_REG_MOD: Children in multidimensional poverty (moderate),_T: Total,_T: Total,Q1: Lowest,2019,56.7,,PCNT: %,,,,,,,,,,,,,,"ESCWA, OPHI and UNICEF child multidimensional poverty estimates (2023)",_T: Total
MENARO:MENARO(1.0): UNICEF Middle East and North Africa,DZA: Algeria,PV_CHLD_DPRV_REG_MOD: Children in multidimensional poverty (moderate),_T: Total,_T: Total,Q2: Second,2012,32.4,,PCNT: %,,,,,,,,,,,,,,"ESCWA, OPHI and UNICEF child multidimensional poverty estimates (2023)",_T: Total
MENARO:MENARO(1.0): UNICEF Middle East and North Africa,DZA: Algeria,PV_CHLD_DPRV_REG_MOD: Children in multidimensional poverty (moderate),_T: Total,_T: Total,Q2: Second,2019,31.5,,PCNT: %,,,,,,,,,,,,,,"ESCWA, OPHI and UNICEF child multidimensional poverty estimates (2023)",_T: Total
MENARO:MENARO(1.0): UNICEF Middle East and North Africa,DZA: Algeria,PV_CHLD_DPRV_REG_MOD: Children in multidimensional poverty (moderate),_T: Total,_T: Total,Q3: Middle,2012,24.4,,PCNT: %,,,,,,,,,,,,,,"ESCWA, OPHI and UNICEF child multidimensional poverty estimates (2023)",_T: Total
MENARO:MENARO(1.0): UNICEF Middle East and North Africa,DZA: Algeria,PV_CHLD_DPRV_REG_MOD: Children in multidimensional poverty (moderate),_T: Total,_T: Total,Q3: Middle,2019,21.6,,PCNT: %,,,,,,,,,,,,,,"ESCWA, OPHI and UNICEF child multidimensional poverty estimates (2023)",_T: Total
MENARO:MENARO(1.0): UNICEF Middle East and North Africa,DZA: Algeria,PV_CHLD_DPRV_REG_MOD: Children in multidimensional poverty (moderate),_T: Total,_T: Total,Q4: Fourth,2012,14.6,,PCNT: %,,,,,,,,,,,,,,"ESCWA, OPHI and UNICEF child multidimensional poverty estimates (2023)",_T: Total
MENARO:MENARO(1.0): UNICEF Middle East and North Africa,DZA: Algeria,PV_CHLD_DPRV_REG_MOD: Children in multidimensional poverty (moderate),_T: Total,_T: Total,Q4: Fourth,2019,14.5,,PCNT: %,,,,,,,,,,,,,,"ESCWA, OPHI and UNICEF child multidimensional poverty estimates (2023)",_T: Total
MENARO:MENARO(1.0): UNICEF Middle East and North Africa,DZA: Algeria,PV_CHLD_DPRV_REG_MOD: Children in multidimensional poverty (moderate),_T: Total,_T: Total,Q5: Highest,2012,6.9,,PCNT: %,,,,,,,,,,,,,,"ESCWA, OPHI and UNICEF child multidimensional poverty estimates (2023)",_T: Total
MENARO:MENARO(1.0): UNICEF Middle East and North Africa,DZA: Algeria,PV_CHLD_DPRV_REG_MOD: Children in multidimensional poverty (moderate),_T: Total,_T: Total,Q5: Highest,2019,8.2,,PCNT: %,,,,,,,,,,,,,,"ESCWA, OPHI and UNICEF child multidimensional poverty estimates (2023)",_T: Total
MENARO:MENARO(1.0): UNICEF Middle East and North Africa,DZA: Algeria,PV_CHLD_DPRV_REG_MOD: Children in multidimensional poverty (moderate),_T: Total,_T: Total,_T: Total,2012,28.1,,PCNT: %,,,,,,,,,,,,,,"ESCWA, OPHI and UNICEF child multidimensional poverty estimates (2023)",_T: Total
MENARO:MENARO(1.0): UNICEF Middle East and North Africa,DZA: Algeria,PV_CHLD_DPRV_REG_MOD: Children in multidimensional poverty (moderate),_T: Total,_T: Total,_T: Total,2019,27.8,,PCNT: %,,,,,,,,,,,,,,"ESCWA, OPHI and UNICEF child multidimensional poverty estimates (2023)",_T: Total
MENARO:MENARO(1.0): UNICEF Middle East and North Africa,EGY: Egypt,PV_CHLD_DPRV_REG_MOD: Children in multidimensional poverty (moderate),_T: Total,R: Rural,_T: Total,2014,20.1,,PCNT: %,,,,,,,,,,,,,,"ESCWA, OPHI and UNICEF child multidimensional poverty estimates (2023)",_T: Total
MENARO:MENARO(1.0): UNICEF Middle East and North Africa,EGY: Egypt,PV_CHLD_DPRV_REG_MOD: Children in multidimensional poverty (moderate),_T: Total,U: Urban,_T: Total,2014,9.6,,PCNT: %,,,,,,,,,,,,,,"ESCWA, OPHI and UNICEF child multidimensional poverty estimates (2023)",_T: Total
MENARO:MENARO(1.0): UNICEF Middle East and North Africa,EGY: Egypt,PV_CHLD_DPRV_REG_MOD: Children in multidimensional poverty (moderate),_T: Total,_T: Total,Q1: Lowest,2008,66.1,,PCNT: %,,,,,,,,,,,,,,"ESCWA, OPHI and UNICEF child multidimensional poverty estimates (2023)",_T: Total
MENARO:MENARO(1.0): UNICEF Middle East and North Africa,EGY: Egypt,PV_CHLD_DPRV_REG_MOD: Children in multidimensional poverty (moderate),_T: Total,_T: Total,Q1: Lowest,2014,29.4,,PCNT: %,,,,,,,,,,,,,,"ESCWA, OPHI and UNICEF child multidimensional poverty estimates (2023)",_T: Total
MENARO:MENARO(1.0): UNICEF Middle East and North Africa,EGY: Egypt,PV_CHLD_DPRV_REG_MOD: Children in multidimensional poverty (moderate),_T: Total,_T: Total,Q2: Second,2008,27,,PCNT: %,,,,,,,,,,,,,,"ESCWA, OPHI and UNICEF child multidimensional poverty estimates (2023)",_T: Total
MENARO:MENARO(1.0): UNICEF Middle East and North Africa,EGY: Egypt,PV_CHLD_DPRV_REG_MOD: Children in multidimensional poverty (moderate),_T: Total,_T: Total,Q2: Second,2014,21.6,,PCNT: %,,,,,,,,,,,,,,"ESCWA, OPHI and UNICEF child multidimensional poverty estimates (2023)",_T: Total
MENARO:MENARO(1.0): UNICEF Middle East and North Africa,EGY: Egypt,PV_CHLD_DPRV_REG_MOD: Children in multidimensional poverty (moderate),_T: Total,_T: Total,Q3: Middle,2008,11.2,,PCNT: %,,,,,,,,,,,,,,"ESCWA, OPHI and UNICEF child multidimensional poverty estimates (2023)",_T: Total
MENARO:MENARO(1.0): UNICEF Middle East and North Africa,EGY: Egypt,PV_CHLD_DPRV_REG_MOD: Children in multidimensional poverty (moderate),_T: Total,_T: Total,Q3: Middle,2014,13.9,,PCNT: %,,,,,,,,,,,,,,"ESCWA, OPHI and UNICEF child multidimensional poverty estimates (2023)",_T: Total
MENARO:MENARO(1.0): UNICEF Middle East and North Africa,EGY: Egypt,PV_CHLD_DPRV_REG_MOD: Children in multidimensional poverty (moderate),_T: Total,_T: Total,Q4: Fourth,2008,5.5,,PCNT: %,,,,,,,,,,,,,,"ESCWA, OPHI and UNICEF child multidimensional poverty estimates (2023)",_T: Total
MENARO:MENARO(1.0): UNICEF Middle East and North Africa,EGY: Egypt,PV_CHLD_DPRV_REG_MOD: Children in multidimensional poverty (moderate),_T: Total,_T: Total,Q4: Fourth,2014,10.6,,PCNT: %,,,,,,,,,,,,,,"ESCWA, OPHI and UNICEF child multidimensional poverty estimates (2023)",_T: Total
MENARO:MENARO(1.0): UNICEF Middle East and North Africa,EGY: Egypt,PV_CHLD_DPRV_REG_MOD: Children in multidimensional poverty (moderate),_T: Total,_T: Total,Q5: Highest,2008,2.4,,PCNT: %,,,,,,,,,,,,,,"ESCWA, OPHI and UNICEF child multidimensional poverty estimates (2023)",_T: Total
MENARO:MENARO(1.0): UNICEF Middle East and North Africa,EGY: Egypt,PV_CHLD_DPRV_REG_MOD: Children in multidimensional poverty (moderate),_T: Total,_T: Total,Q5: Highest,2014,5.4,,PCNT: %,,,,,,,,,,,,,,"ESCWA, OPHI and UNICEF child multidimensional poverty estimates (2023)",_T: Total
MENARO:MENARO(1.0): UNICEF Middle East and North Africa,EGY: Egypt,PV_CHLD_DPRV_REG_MOD: Children in multidimensional poverty (moderate),_T: Total,_T: Total,_T: Total,2008,24.3,,PCNT: %,,,,,,,,,,,,,,"ESCWA, OPHI and UNICEF child multidimensional poverty estimates (2023)",_T: Total
MENARO:MENARO(1.0): UNICEF Middle East and North Africa,EGY: Egypt,PV_CHLD_DPRV_REG_MOD: Children in multidimensional poverty (moderate),_T: Total,_T: Total,_T: Total,2014,16.6,,PCNT: %,,,,,,,,,,,,,,"ESCWA, OPHI and UNICEF child multidimensional poverty estimates (2023)",_T: Total
MENARO:MENARO(1.0): UNICEF Middle East and North Africa,IRQ: Iraq,PV_CHLD_DPRV_REG_MOD: Children in multidimensional poverty (moderate),_T: Total,R: Rural,_T: Total,2018,48.9,,PCNT: %,,,,,,,,,,,,,,"ESCWA, OPHI and UNICEF child multidimensional poverty estimates (2023)",_T: Total
MENARO:MENARO(1.0): UNICEF Middle East and North Africa,IRQ: Iraq,PV_CHLD_DPRV_REG_MOD: Children in multidimensional poverty (moderate),_T: Total,U: Urban,_T: Total,2018,33.2,,PCNT: %,,,,,,,,,,,,,,"ESCWA, OPHI and UNICEF child multidimensional poverty estimates (2023)",_T: Total
MENARO:MENARO(1.0): UNICEF Middle East and North Africa,IRQ: Iraq,PV_CHLD_DPRV_REG_MOD: Children in multidimensional poverty (moderate),_T: Total,_T: Total,Q1: Lowest,2011,72.1,,PCNT: %,,,,,,,,,,,,,,"ESCWA, OPHI and UNICEF child multidimensional poverty estimates (2023)",_T: Total
MENARO:MENARO(1.0): UNICEF Middle East and North Africa,IRQ: Iraq,PV_CHLD_DPRV_REG_MOD: Children in multidimensional poverty (moderate),_T: Total,_T: Total,Q1: Lowest,2018,73.5,,PCNT: %,,,,,,,,,,,,,,"ESCWA, OPHI and UNICEF child multidimensional poverty estimates (2023)",_T: Total
MENARO:MENARO(1.0): UNICEF Middle East and North Africa,IRQ: Iraq,PV_CHLD_DPRV_REG_MOD: Children in multidimensional poverty (moderate),_T: Total,_T: Total,Q2: Second,2011,46.3,,PCNT: %,,,,,,,,,,,,,,"ESCWA, OPHI and UNICEF child multidimensional poverty estimates (2023)",_T: Total
MENARO:MENARO(1.0): UNICEF Middle East and North Africa,IRQ: Iraq,PV_CHLD_DPRV_REG_MOD: Children in multidimensional poverty (moderate),_T: Total,_T: Total,Q2: Second,2018,50.6,,PCNT: %,,,,,,,,,,,,,,"ESCWA, OPHI and UNICEF child multidimensional poverty estimates (2023)",_T: Total
MENARO:MENARO(1.0): UNICEF Middle East and North Africa,IRQ: Iraq,PV_CHLD_DPRV_REG_MOD: Children in multidimensional poverty (moderate),_T: Total,_T: Total,Q3: Middle,2011,38.2,,PCNT: %,,,,,,,,,,,,,,"ESCWA, OPHI and UNICEF child multidimensional poverty estimates (2023)",_T: Total
MENARO:MENARO(1.0): UNICEF Middle East and North Africa,IRQ: Iraq,PV_CHLD_DPRV_REG_MOD: Children in multidimensional poverty (moderate),_T: Total,_T: Total,Q3: Middle,2018,32.1,,PCNT: %,,,,,,,,,,,,,,"ESCWA, OPHI and UNICEF child multidimensional poverty estimates (2023)",_T: Total
MENARO:MENARO(1.0): UNICEF Middle East and North Africa,IRQ: Iraq,PV_CHLD_DPRV_REG_MOD: Children in multidimensional poverty (moderate),_T: Total,_T: Total,Q4: Fourth,2011,29.9,,PCNT: %,,,,,,,,,,,,,,"ESCWA, OPHI and UNICEF child multidimensional poverty estimates (2023)",_T: Total
MENARO:MENARO(1.0): UNICEF Middle East and North Africa,IRQ: Iraq,PV_CHLD_DPRV_REG_MOD: Children in multidimensional poverty (moderate),_T: Total,_T: Total,Q4: Fourth,2018,16.1,,PCNT: %,,,,,,,,,,,,,,"ESCWA, OPHI and UNICEF child multidimensional poverty estimates (2023)",_T: Total
MENARO:MENARO(1.0): UNICEF Middle East and North Africa,IRQ: Iraq,PV_CHLD_DPRV_REG_MOD: Children in multidimensional poverty (moderate),_T: Total,_T: Total,Q5: Highest,2011,15.5,,PCNT: %,,,,,,,,,,,,,,"ESCWA, OPHI and UNICEF child multidimensional poverty estimates (2023)",_T: Total
MENARO:MENARO(1.0): UNICEF Middle East and North Africa,IRQ: Iraq,PV_CHLD_DPRV_REG_MOD: Children in multidimensional poverty (moderate),_T: Total,_T: Total,Q5: Highest,2018,7.2,,PCNT: %,,,,,,,,,,,,,,"ESCWA, OPHI and UNICEF child multidimensional poverty estimates (2023)",_T: Total
MENARO:MENARO(1.0): UNICEF Middle East and North Africa,IRQ: Iraq,PV_CHLD_DPRV_REG_MOD: Children in multidimensional poverty (moderate),_T: Total,_T: Total,_T: Total,2011,42.6,,PCNT: %,,,,,,,,,,,,,,"ESCWA, OPHI and UNICEF child multidimensional poverty estimates (2023)",_T: Total
MENARO:MENARO(1.0): UNICEF Middle East and North Africa,IRQ: Iraq,PV_CHLD_DPRV_REG_MOD: Children in multidimensional poverty (moderate),_T: Total,_T: Total,_T: Total,2018,38.2,,PCNT: %,,,,,,,,,,,,,,"ESCWA, OPHI and UNICEF child multidimensional poverty estimates (2023)",_T: Total
MENARO:MENARO(1.0): UNICEF Middle East and North Africa,JOR: Jordan,PV_CHLD_DPRV_REG_MOD: Children in multidimensional poverty (moderate),_T: Total,R: Rural,_T: Total,2018,19.2,,PCNT: %,,,,,,,,,,,,,,"ESCWA, OPHI and UNICEF child multidimensional poverty estimates (2023)",_T: Total
MENARO:MENARO(1.0): UNICEF Middle East and North Africa,JOR: Jordan,PV_CHLD_DPRV_REG_MOD: Children in multidimensional poverty (moderate),_T: Total,U: Urban,_T: Total,2018,13.2,,PCNT: %,,,,,,,,,,,,,,"ESCWA, OPHI and UNICEF child multidimensional poverty estimates (2023)",_T: Total
MENARO:MENARO(1.0): UNICEF Middle East and North Africa,JOR: Jordan,PV_CHLD_DPRV_REG_MOD: Children in multidimensional poverty (moderate),_T: Total,_T: Total,Q1: Lowest,2012,26.6,,PCNT: %,,,,,,,,,,,,,,"ESCWA, OPHI and UNICEF child multidimensional poverty estimates (2023)",_T: Total
MENARO:MENARO(1.0): UNICEF Middle East and North Africa,JOR: Jordan,PV_CHLD_DPRV_REG_MOD: Children in multidimensional poverty (moderate),_T: Total,_T: Total,Q1: Lowest,2018,31.4,,PCNT: %,,,,,,,,,,,,,,"ESCWA, OPHI and UNICEF child multidimensional poverty estimates (2023)",_T: Total
MENARO:MENARO(1.0): UNICEF Middle East and North Africa,JOR: Jordan,PV_CHLD_DPRV_REG_MOD: Children in multidimensional poverty (moderate),_T: Total,_T: Total,Q2: Second,2012,23.5,,PCNT: %,,,,,,,,,,,,,,"ESCWA, OPHI and UNICEF child multidimensional poverty estimates (2023)",_T: Total
MENARO:MENARO(1.0): UNICEF Middle East and North Africa,JOR: Jordan,PV_CHLD_DPRV_REG_MOD: Children in multidimensional poverty (moderate),_T: Total,_T: Total,Q2: Second,2018,14.6,,PCNT: %,,,,,,,,,,,,,,"ESCWA, OPHI and UNICEF child multidimensional poverty estimates (2023)",_T: Total
MENARO:MENARO(1.0): UNICEF Middle East and North Africa,JOR: Jordan,PV_CHLD_DPRV_REG_MOD: Children in multidimensional poverty (moderate),_T: Total,_T: Total,Q3: Middle,2012,22.8,,PCNT: %,,,,,,,,,,,,,,"ESCWA, OPHI and UNICEF child multidimensional poverty estimates (2023)",_T: Total
MENARO:MENARO(1.0): UNICEF Middle East and North Africa,JOR: Jordan,PV_CHLD_DPRV_REG_MOD: Children in multidimensional poverty (moderate),_T: Total,_T: Total,Q3: Middle,2018,9.6,,PCNT: %,,,,,,,,,,,,,,"ESCWA, OPHI and UNICEF child multidimensional poverty estimates (2023)",_T: Total
MENARO:MENARO(1.0): UNICEF Middle East and North Africa,JOR: Jordan,PV_CHLD_DPRV_REG_MOD: Children in multidimensional poverty (moderate),_T: Total,_T: Total,Q4: Fourth,2012,21.7,,PCNT: %,,,,,,,,,,,,,,"ESCWA, OPHI and UNICEF child multidimensional poverty estimates (2023)",_T: Total
MENARO:MENARO(1.0): UNICEF Middle East and North Africa,JOR: Jordan,PV_CHLD_DPRV_REG_MOD: Children in multidimensional poverty (moderate),_T: Total,_T: Total,Q4: Fourth,2018,5.3,,PCNT: %,,,,,,,,,,,,,,"ESCWA, OPHI and UNICEF child multidimensional poverty estimates (2023)",_T: Total
MENARO:MENARO(1.0): UNICEF Middle East and North Africa,JOR: Jordan,PV_CHLD_DPRV_REG_MOD: Children in multidimensional poverty (moderate),_T: Total,_T: Total,Q5: Highest,2012,14.2,,PCNT: %,,,,,,,,,,,,,,"ESCWA, OPHI and UNICEF child multidimensional poverty estimates (2023)",_T: Total
MENARO:MENARO(1.0): UNICEF Middle East and North Africa,JOR: Jordan,PV_CHLD_DPRV_REG_MOD: Children in multidimensional poverty (moderate),_T: Total,_T: Total,Q5: Highest,2018,2.7,,PCNT: %,,,,,,,,,,,,,,"ESCWA, OPHI and UNICEF child multidimensional poverty estimates (2023)",_T: Total
MENARO:MENARO(1.0): UNICEF Middle East and North Africa,JOR: Jordan,PV_CHLD_DPRV_REG_MOD: Children in multidimensional poverty (moderate),_T: Total,_T: Total,_T: Total,2012,22.2,,PCNT: %,,,,,,,,,,,,,,"ESCWA, OPHI and UNICEF child multidimensional poverty estimates (2023)",_T: Total
MENARO:MENARO(1.0): UNICEF Middle East and North Africa,JOR: Jordan,PV_CHLD_DPRV_REG_MOD: Children in multidimensional poverty (moderate),_T: Total,_T: Total,_T: Total,2018,13.9,,PCNT: %,,,,,,,,,,,,,,"ESCWA, OPHI and UNICEF child multidimensional poverty estimates (2023)",_T: Total
MENARO:MENARO(1.0): UNICEF Middle East and North Africa,MAR: Morocco,PV_CHLD_DPRV_REG_MOD: Children in multidimensional poverty (moderate),_T: Total,R: Rural,_T: Total,2018,43.7,,PCNT: %,,,,,,,,,,,,,,"ESCWA, OPHI and UNICEF child multidimensional poverty estimates (2023)",_T: Total
MENARO:MENARO(1.0): UNICEF Middle East and North Africa,MAR: Morocco,PV_CHLD_DPRV_REG_MOD: Children in multidimensional poverty (moderate),_T: Total,U: Urban,_T: Total,2018,9.2,,PCNT: %,,,,,,,,,,,,,,"ESCWA, OPHI and UNICEF child multidimensional poverty estimates (2023)",_T: Total
MENARO:MENARO(1.0): UNICEF Middle East and North Africa,MAR: Morocco,PV_CHLD_DPRV_REG_MOD: Children in multidimensional poverty (moderate),_T: Total,_T: Total,Q1: Lowest,2011,93,,PCNT: %,,,,,,,,,,,,,,"ESCWA, OPHI and UNICEF child multidimensional poverty estimates (2023)",_T: Total
MENARO:MENARO(1.0): UNICEF Middle East and North Africa,MAR: Morocco,PV_CHLD_DPRV_REG_MOD: Children in multidimensional poverty (moderate),_T: Total,_T: Total,Q1: Lowest,2018,65,,PCNT: %,,,,,,,,,,,,,,"ESCWA, OPHI and UNICEF child multidimensional poverty estimates (2023)",_T: Total
MENARO:MENARO(1.0): UNICEF Middle East and North Africa,MAR: Morocco,PV_CHLD_DPRV_REG_MOD: Children in multidimensional poverty (moderate),_T: Total,_T: Total,Q2: Second,2011,56.8,,PCNT: %,,,,,,,,,,,,,,"ESCWA, OPHI and UNICEF child multidimensional poverty estimates (2023)",_T: Total
MENARO:MENARO(1.0): UNICEF Middle East and North Africa,MAR: Morocco,PV_CHLD_DPRV_REG_MOD: Children in multidimensional poverty (moderate),_T: Total,_T: Total,Q2: Second,2018,28.9,,PCNT: %,,,,,,,,,,,,,,"ESCWA, OPHI and UNICEF child multidimensional poverty estimates (2023)",_T: Total
MENARO:MENARO(1.0): UNICEF Middle East and North Africa,MAR: Morocco,PV_CHLD_DPRV_REG_MOD: Children in multidimensional poverty (moderate),_T: Total,_T: Total,Q3: Middle,2011,25.5,,PCNT: %,,,,,,,,,,,,,,"ESCWA, OPHI and UNICEF child multidimensional poverty estimates (2023)",_T: Total
MENARO:MENARO(1.0): UNICEF Middle East and North Africa,MAR: Morocco,PV_CHLD_DPRV_REG_MOD: Children in multidimensional poverty (moderate),_T: Total,_T: Total,Q3: Middle,2018,11.1,,PCNT: %,,,,,,,,,,,,,,"ESCWA, OPHI and UNICEF child multidimensional poverty estimates (2023)",_T: Total
MENARO:MENARO(1.0): UNICEF Middle East and North Africa,MAR: Morocco,PV_CHLD_DPRV_REG_MOD: Children in multidimensional poverty (moderate),_T: Total,_T: Total,Q4: Fourth,2011,11.7,,PCNT: %,,,,,,,,,,,,,,"ESCWA, OPHI and UNICEF child multidimensional poverty estimates (2023)",_T: Total
MENARO:MENARO(1.0): UNICEF Middle East and North Africa,MAR: Morocco,PV_CHLD_DPRV_REG_MOD: Children in multidimensional poverty (moderate),_T: Total,_T: Total,Q4: Fourth,2018,4.6,,PCNT: %,,,,,,,,,,,,,,"ESCWA, OPHI and UNICEF child multidimensional poverty estimates (2023)",_T: Total
MENARO:MENARO(1.0): UNICEF Middle East and North Africa,MAR: Morocco,PV_CHLD_DPRV_REG_MOD: Children in multidimensional poverty (moderate),_T: Total,_T: Total,Q5: Highest,2011,5.8,,PCNT: %,,,,,,,,,,,,,,"ESCWA, OPHI and UNICEF child multidimensional poverty estimates (2023)",_T: Total
MENARO:MENARO(1.0): UNICEF Middle East and North Africa,MAR: Morocco,PV_CHLD_DPRV_REG_MOD: Children in multidimensional poverty (moderate),_T: Total,_T: Total,Q5: Highest,2018,1.8,,PCNT: %,,,,,,,,,,,,,,"ESCWA, OPHI and UNICEF child multidimensional poverty estimates (2023)",_T: Total
MENARO:MENARO(1.0): UNICEF Middle East and North Africa,MAR: Morocco,PV_CHLD_DPRV_REG_MOD: Children in multidimensional poverty (moderate),_T: Total,_T: Total,_T: Total,2011,41.8,,PCNT: %,,,,,,,,,,,,,,"ESCWA, OPHI and UNICEF child multidimensional poverty estimates (2023)",_T: Total
MENARO:MENARO(1.0): UNICEF Middle East and North Africa,MAR: Morocco,PV_CHLD_DPRV_REG_MOD: Children in multidimensional poverty (moderate),_T: Total,_T: Total,_T: Total,2018,23.9,,PCNT: %,,,,,,,,,,,,,,"ESCWA, OPHI and UNICEF child multidimensional poverty estimates (2023)",_T: Total
MENARO:MENARO(1.0): UNICEF Middle East and North Africa,PSE: State of Palestine,PV_CHLD_DPRV_REG_MOD: Children in multidimensional poverty (moderate),_T: Total,R: Rural,_T: Total,2020,18.7,,PCNT: %,,,,,,,,,,,,,,"ESCWA, OPHI and UNICEF child multidimensional poverty estimates (2023)",_T: Total
MENARO:MENARO(1.0): UNICEF Middle East and North Africa,PSE: State of Palestine,PV_CHLD_DPRV_REG_MOD: Children in multidimensional poverty (moderate),_T: Total,U: Urban,_T: Total,2020,32.9,,PCNT: %,,,,,,,,,,,,,,"ESCWA, OPHI and UNICEF child multidimensional poverty estimates (2023)",_T: Total
MENARO:MENARO(1.0): UNICEF Middle East and North Africa,PSE: State of Palestine,PV_CHLD_DPRV_REG_MOD: Children in multidimensional poverty (moderate),_T: Total,_T: Total,Q1: Lowest,2010,70.3,,PCNT: %,,,,,,,,,,,,,,"ESCWA, OPHI and UNICEF child multidimensional poverty estimates (2023)",_T: Total
MENARO:MENARO(1.0): UNICEF Middle East and North Africa,PSE: State of Palestine,PV_CHLD_DPRV_REG_MOD: Children in multidimensional poverty (moderate),_T: Total,_T: Total,Q1: Lowest,2020,62.6,,PCNT: %,,,,,,,,,,,,,,"ESCWA, OPHI and UNICEF child multidimensional poverty estimates (2023)",_T: Total
MENARO:MENARO(1.0): UNICEF Middle East and North Africa,PSE: State of Palestine,PV_CHLD_DPRV_REG_MOD: Children in multidimensional poverty (moderate),_T: Total,_T: Total,Q2: Second,2010,55.1,,PCNT: %,,,,,,,,,,,,,,"ESCWA, OPHI and UNICEF child multidimensional poverty estimates (2023)",_T: Total
MENARO:MENARO(1.0): UNICEF Middle East and North Africa,PSE: State of Palestine,PV_CHLD_DPRV_REG_MOD: Children in multidimensional poverty (moderate),_T: Total,_T: Total,Q2: Second,2020,44.1,,PCNT: %,,,,,,,,,,,,,,"ESCWA, OPHI and UNICEF child multidimensional poverty estimates (2023)",_T: Total
MENARO:MENARO(1.0): UNICEF Middle East and North Africa,PSE: State of Palestine,PV_CHLD_DPRV_REG_MOD: Children in multidimensional poverty (moderate),_T: Total,_T: Total,Q3: Middle,2010,36.8,,PCNT: %,,,,,,,,,,,,,,"ESCWA, OPHI and UNICEF child multidimensional poverty estimates (2023)",_T: Total
MENARO:MENARO(1.0): UNICEF Middle East and North Africa,PSE: State of Palestine,PV_CHLD_DPRV_REG_MOD: Children in multidimensional poverty (moderate),_T: Total,_T: Total,Q3: Middle,2020,25.8,,PCNT: %,,,,,,,,,,,,,,"ESCWA, OPHI and UNICEF child multidimensional poverty estimates (2023)",_T: Total
MENARO:MENARO(1.0): UNICEF Middle East and North Africa,PSE: State of Palestine,PV_CHLD_DPRV_REG_MOD: Children in multidimensional poverty (moderate),_T: Total,_T: Total,Q4: Fourth,2010,20.4,,PCNT: %,,,,,,,,,,,,,,"ESCWA, OPHI and UNICEF child multidimensional poverty estimates (2023)",_T: Total
MENARO:MENARO(1.0): UNICEF Middle East and North Africa,PSE: State of Palestine,PV_CHLD_DPRV_REG_MOD: Children in multidimensional poverty (moderate),_T: Total,_T: Total,Q4: Fourth,2020,13.7,,PCNT: %,,,,,,,,,,,,,,"ESCWA, OPHI and UNICEF child multidimensional poverty estimates (2023)",_T: Total
MENARO:MENARO(1.0): UNICEF Middle East and North Africa,PSE: State of Palestine,PV_CHLD_DPRV_REG_MOD: Children in multidimensional poverty (moderate),_T: Total,_T: Total,Q5: Highest,2010,7.4,,PCNT: %,,,,,,,,,,,,,,"ESCWA, OPHI and UNICEF child multidimensional poverty estimates (2023)",_T: Total
MENARO:MENARO(1.0): UNICEF Middle East and North Africa,PSE: State of Palestine,PV_CHLD_DPRV_REG_MOD: Children in multidimensional poverty (moderate),_T: Total,_T: Total,Q5: Highest,2020,5.5,,PCNT: %,,,,,,,,,,,,,,"ESCWA, OPHI and UNICEF child multidimensional poverty estimates (2023)",_T: Total
MENARO:MENARO(1.0): UNICEF Middle East and North Africa,PSE: State of Palestine,PV_CHLD_DPRV_REG_MOD: Children in multidimensional poverty (moderate),_T: Total,_T: Total,_T: Total,2010,39,,PCNT: %,,,,,,,,,,,,,,"ESCWA, OPHI and UNICEF child multidimensional poverty estimates (2023)",_T: Total
MENARO:MENARO(1.0): UNICEF Middle East and North Africa,PSE: State of Palestine,PV_CHLD_DPRV_REG_MOD: Children in multidimensional poverty (moderate),_T: Total,_T: Total,_T: Total,2020,31.4,,PCNT: %,,,,,,,,,,,,,,"ESCWA, OPHI and UNICEF child multidimensional poverty estimates (2023)",_T: Total
MENARO:MENARO(1.0): UNICEF Middle East and North Africa,SDN: Sudan,PV_CHLD_DPRV_REG_MOD: Children in multidimensional poverty (moderate),_T: Total,_T: Total,_T: Total,2014,87,,PCNT: %,,,,,,,,,,,,,,"ESCWA, OPHI and UNICEF child multidimensional poverty estimates (2018)",_T: Total
MENARO:MENARO(1.0): UNICEF Middle East and North Africa,TUN: Tunisia,PV_CHLD_DPRV_REG_MOD: Children in multidimensional poverty (moderate),_T: Total,R: Rural,_T: Total,2018,28.4,,PCNT: %,,,,,,,,,,,,,,"ESCWA, OPHI and UNICEF child multidimensional poverty estimates (2023)",_T: Total
MENARO:MENARO(1.0): UNICEF Middle East and North Africa,TUN: Tunisia,PV_CHLD_DPRV_REG_MOD: Children in multidimensional poverty (moderate),_T: Total,U: Urban,_T: Total,2018,11.1,,PCNT: %,,,,,,,,,,,,,,"ESCWA, OPHI and UNICEF child multidimensional poverty estimates (2023)",_T: Total
MENARO:MENARO(1.0): UNICEF Middle East and North Africa,TUN: Tunisia,PV_CHLD_DPRV_REG_MOD: Children in multidimensional poverty (moderate),_T: Total,_T: Total,Q1: Lowest,2012,55.3,,PCNT: %,,,,,,,,,,,,,,"ESCWA, OPHI and UNICEF child multidimensional poverty estimates (2023)",_T: Total
MENARO:MENARO(1.0): UNICEF Middle East and North Africa,TUN: Tunisia,PV_CHLD_DPRV_REG_MOD: Children in multidimensional poverty (moderate),_T: Total,_T: Total,Q1: Lowest,2018,40.1,,PCNT: %,,,,,,,,,,,,,,"ESCWA, OPHI and UNICEF child multidimensional poverty estimates (2023)",_T: Total
MENARO:MENARO(1.0): UNICEF Middle East and North Africa,TUN: Tunisia,PV_CHLD_DPRV_REG_MOD: Children in multidimensional poverty (moderate),_T: Total,_T: Total,Q2: Second,2012,18.7,,PCNT: %,,,,,,,,,,,,,,"ESCWA, OPHI and UNICEF child multidimensional poverty estimates (2023)",_T: Total
MENARO:MENARO(1.0): UNICEF Middle East and North Africa,TUN: Tunisia,PV_CHLD_DPRV_REG_MOD: Children in multidimensional poverty (moderate),_T: Total,_T: Total,Q2: Second,2018,19.9,,PCNT: %,,,,,,,,,,,,,,"ESCWA, OPHI and UNICEF child multidimensional poverty estimates (2023)",_T: Total
MENARO:MENARO(1.0): UNICEF Middle East and North Africa,TUN: Tunisia,PV_CHLD_DPRV_REG_MOD: Children in multidimensional poverty (moderate),_T: Total,_T: Total,Q3: Middle,2012,7.4,,PCNT: %,,,,,,,,,,,,,,"ESCWA, OPHI and UNICEF child multidimensional poverty estimates (2023)",_T: Total
MENARO:MENARO(1.0): UNICEF Middle East and North Africa,TUN: Tunisia,PV_CHLD_DPRV_REG_MOD: Children in multidimensional poverty (moderate),_T: Total,_T: Total,Q3: Middle,2018,12.1,,PCNT: %,,,,,,,,,,,,,,"ESCWA, OPHI and UNICEF child multidimensional poverty estimates (2023)",_T: Total
MENARO:MENARO(1.0): UNICEF Middle East and North Africa,TUN: Tunisia,PV_CHLD_DPRV_REG_MOD: Children in multidimensional poverty (moderate),_T: Total,_T: Total,Q4: Fourth,2012,4.9,,PCNT: %,,,,,,,,,,,,,,"ESCWA, OPHI and UNICEF child multidimensional poverty estimates (2023)",_T: Total
MENARO:MENARO(1.0): UNICEF Middle East and North Africa,TUN: Tunisia,PV_CHLD_DPRV_REG_MOD: Children in multidimensional poverty (moderate),_T: Total,_T: Total,Q4: Fourth,2018,8.9,,PCNT: %,,,,,,,,,,,,,,"ESCWA, OPHI and UNICEF child multidimensional poverty estimates (2023)",_T: Total
MENARO:MENARO(1.0): UNICEF Middle East and North Africa,TUN: Tunisia,PV_CHLD_DPRV_REG_MOD: Children in multidimensional poverty (moderate),_T: Total,_T: Total,Q5: Highest,2012,2.5,,PCNT: %,,,,,,,,,,,,,,"ESCWA, OPHI and UNICEF child multidimensional poverty estimates (2023)",_T: Total
MENARO:MENARO(1.0): UNICEF Middle East and North Africa,TUN: Tunisia,PV_CHLD_DPRV_REG_MOD: Children in multidimensional poverty (moderate),_T: Total,_T: Total,Q5: Highest,2018,2.3,,PCNT: %,,,,,,,,,,,,,,"ESCWA, OPHI and UNICEF child multidimensional poverty estimates (2023)",_T: Total
MENARO:MENARO(1.0): UNICEF Middle East and North Africa,TUN: Tunisia,PV_CHLD_DPRV_REG_MOD: Children in multidimensional poverty (moderate),_T: Total,_T: Total,_T: Total,2012,18.8,,PCNT: %,,,,,,,,,,,,,,"ESCWA, OPHI and UNICEF child multidimensional poverty estimates (2023)",_T: Total
MENARO:MENARO(1.0): UNICEF Middle East and North Africa,TUN: Tunisia,PV_CHLD_DPRV_REG_MOD: Children in multidimensional poverty (moderate),_T: Total,_T: Total,_T: Total,2018,16.8,,PCNT: %,,,,,,,,,,,,,,"ESCWA, OPHI and UNICEF child multidimensional poverty estimates (2023)",_T: Total
MENARO:MENARO(1.0): UNICEF Middle East and North Africa,YEM: Yemen,PV_CHLD_DPRV_REG_MOD: Children in multidimensional poverty (moderate),_T: Total,_T: Total,_T: Total,2013,76.40000153,,PCNT: %,,,,,,,,,,,,,,"ESCWA, OPHI and UNICEF child multidimensional poverty estimates (2023)",_T: Total
